regime,trajectory_id,teacher_forced_final_l2,autoregressive_final_l2,persistence_final_l2,feedback_ratio,ar_relative_mass_error,ar_signed_mass_drift,ar_accumulated_absolute_mass_change,ar_negative_fraction,ar_negative_mass_fraction,ar_minimum,ar_maximum
id_test,51,0.02917965903325319,0.2091421745751841,1.0893616115749547,7.167396107570871,0.09541414906683962,0.09541414906683962,0.09541414906683962,0.00146484375,4.452917402474611e-06,-0.0003195321024836023,0.9963572815767648
id_test,16,0.03375323366863113,0.2701528205725273,0.7470806404855157,8.00376115736716,0.10447197844329302,-0.10447197844329302,0.10447197844329302,0.050537109375,0.0002771477686313703,-0.003047063047655979,1.1608182793610764
id_test,49,0.019762583161881685,0.16211743607297693,0.8813469243166019,8.203251302981032,0.05659636340727698,-0.05659636340727687,0.05699455954822983,0.077880859375,0.0007662839930202954,-0.004563353213110008,1.1185440416003594
id_test,17,0.009804586522889293,0.06399939562585652,0.7254634527855239,6.527495624261845,0.0023470529417681215,-0.002347052941768001,0.039898378550583376,0.11962890625,0.001513673535409125,-0.002873641580400585,0.8330539805362199
id_test,40,0.020982044999826057,0.17685101186987714,0.5614463548081825,8.428683279982636,0.07900298555065258,-0.07900298555065241,0.07900298555065241,0.059326171875,0.0004488466961167784,-0.004504418272647109,1.3865398313522856
id_test,47,0.02453878719530091,0.189089583747391,1.109644427654868,7.705742840607908,0.05855576244174833,-0.0585557624417481,0.09421773868677949,0.08203125,0.001105194843856273,-0.0017983807514501127,0.7461282845911407
id_test,22,0.024538240735700437,0.17074664317389923,0.3215760487565121,6.958389764490397,0.09998148298339017,-0.09998148298339005,0.09998148298339005,0.0009765625,6.3811181287617e-07,-0.00023549576289072505,1.2376897699271197
id_test,28,0.017282217143519175,0.1286209151490141,0.6880720420276148,7.442385087566551,0.15868132076448058,0.15868132076448035,0.15868132076448035,0.081298828125,0.001374029187937847,-0.0014527732325564507,0.8892473091236706
fresh_id,0,0.023841412462928546,0.1242572408295395,0.7653805047115145,5.211823797048492,0.19103623765762548,-0.19103623765762548,0.19103623765762548,0.587890625,0.035738790009799376,-0.005509653498208131,0.5813265086398933
fresh_id,1,0.009188807183220526,0.062234380293207284,1.142279680139022,6.772846469871746,0.003790955730454835,0.0037909557304549686,0.037009819120195256,0.35498046875,0.009317584041523198,-0.002879271144746856,0.617413925378134
fresh_id,2,0.020246527062609296,0.1330670344105962,0.5817233807040866,6.572338752177433,0.0667443786791238,-0.0667443786791238,0.0667443786791238,0.33447265625,0.006725599941519743,-0.0049803340615208885,0.8161212056219949
fresh_id,3,0.03402493243628321,0.25544026090796906,0.832660019144934,7.507443589677048,0.1119651130620523,-0.11196511306205244,0.11196511306205244,0.154296875,0.0024434893411900997,-0.009421807632075133,1.0958059925459593
fresh_id,4,0.02293963644235606,0.17996228734222594,0.7604998985219544,7.845036593951467,0.010007771239458176,0.010007771239458176,0.010007771239458176,0.013427734375,6.703060397861551e-05,-0.0019979986453143167,1.0219341472535763
fresh_id,5,0.00996111273297362,0.09776726379972571,0.5978834043282112,9.81489381965261,0.009548332718116692,0.009548332718116692,0.009548332718116692,0.156494140625,0.00211188151313384,-0.0044329326326192214,1.318163395501198
fresh_id,6,0.009488719956052858,0.06132415242713362,0.8975967818377628,6.462847750925025,0.02025020177319299,0.02025020177319312,0.029176761978676333,0.005126953125,9.458801838373974e-06,-0.00032686036330342727,0.9644015158266402
fresh_id,7,0.016320765410303046,0.11293947455615479,0.43108541519129434,6.919986392602509,0.06473286849552842,-0.06473286849552842,0.06473286849552842,0.306884765625,0.007099272118538938,-0.004394634748488016,0.7639312974971271
fresh_id,8,0.01898752867953567,0.15643948584624653,1.0506092159363345,8.239065150951081,0.01910199652195005,-0.01910199652195005,0.033907134416391135,0.138671875,0.0026690865149941382,-0.009693823688866246,1.0843175257906843
fresh_id,9,0.022682472488193613,0.18020912219215773,0.6936504829831787,7.944862372739914,0.12803126806106682,-0.12803126806106696,0.12803126806106696,0.274169921875,0.004746885093745521,-0.006686611494550979,1.0206720017349065
fresh_id,10,0.013274716323099378,0.06775462539922945,0.30051410406693424,5.1040356532010716,0.041743764744161,-0.041743764744161,0.041743764744161,0.2822265625,0.003350890864630703,-0.0018807183945694222,0.6174879380046515
fresh_id,11,0.0291491714069964,0.19907344628072896,0.7433259193265038,6.829471874214141,0.12988418061477966,-0.12988418061477966,0.12988418061477966,0.1923828125,0.0027905565822241266,-0.005967136324521713,0.8922297147339463
fresh_id,12,0.012930702667632615,0.081704662696132,1.1238962049407633,6.31865605421818,0.10208545680198076,0.10208545680198061,0.10208545680198061,0.0,0.0,0.00048535521089400346,0.8991808368590145
fresh_id,13,0.029464721366218933,0.3311200014297473,1.4014212370841805,11.237846009613847,0.12426711044985056,0.12426711044985056,0.12665338900621842,0.290283203125,0.009928689425784764,-0.0038123187895884314,0.5880827158737307
fresh_id,14,0.0176872411668348,0.12405433470201872,0.7333770375820399,7.013775270652836,0.18629598379893586,0.18629598379893586,0.18629598379893586,0.022216796875,0.00020014293164297655,-0.0007233445435209374,0.8893743884664695
fresh_id,15,0.00874182590232201,0.05580950160419779,0.7817428231588827,6.384192756501091,0.009192379021431106,0.00919237902143097,0.024663981250965767,0.0,0.0,0.0005661626233057354,1.0818882494453534
fresh_id,16,0.032880852433058494,0.2843106245694463,1.0612859714243428,8.646692635121578,0.18936216732313726,-0.18936216732313726,0.18936216732313726,0.205810546875,0.004553524957378913,-0.007145610512758319,0.9216194099367699
fresh_id,17,0.021358881632714606,0.16414388289095674,0.8134056896782793,7.685041085650461,0.08088599337533785,-0.08088599337533785,0.08088599337533785,0.232177734375,0.003325150263941778,-0.0063966397948699155,1.4122708432049627
fresh_id,18,0.021737461789554813,0.11640810983623097,0.906993161514914,5.355184103976981,0.18371847480331965,-0.18371847480331951,0.18371847480331951,0.5849609375,0.02498083683685854,-0.004964863288679025,0.6108200629874393
fresh_id,19,0.027013011626438856,0.09706858819715454,1.061892876123051,3.5934011927107425,0.1745918623814868,0.17459186238148658,0.1984083516724577,0.0,0.0,0.0019009449647376525,0.5513096996232352
fresh_id,20,0.018155500976539677,0.13880510976371532,0.5966113852834097,7.645347266543492,0.031868692409116516,-0.031868692409116516,0.031868692409116516,0.197509765625,0.0036725254676582718,-0.008944361612493776,1.1546117759216088
fresh_id,21,0.02655433311273911,0.2085664291268829,0.6170641512924632,7.8543275118751055,0.07811544217868505,-0.07811544217868485,0.07811544217868485,0.070556640625,0.0006228801208255263,-0.005760105936954682,1.0553924591704145
fresh_id,22,0.022082026520009672,0.21970193588286072,0.48818791800538003,9.949355675475589,0.12795996125165587,0.12795996125165587,0.12795996125165587,0.0,0.0,0.0015107080566749836,1.6300569837557788
fresh_id,23,0.057317391545694506,0.22943873539950493,0.919826727640865,4.002951446535945,0.34110351919800813,0.34110351919800813,0.5749675937581423,0.0,0.0,0.003022091656695036,0.3462017872222507
fresh_id,24,0.043075708344295,0.30895283745995283,1.1758882652936393,7.172321694412042,0.2799372589994449,-0.2799372589994449,0.2799372589994449,0.517578125,0.02381197209611941,-0.010423519115364557,0.8531467239780564
fresh_id,25,0.008493685388949391,0.06383544057112968,0.6071732746961837,7.515635162821315,0.03527748611214207,-0.035277486112142376,0.035277486112142376,0.170654296875,0.0021275597642747054,-0.005100927472329916,1.2566728293684917
fresh_id,26,0.017793169356989852,0.1303414089992787,1.0171680267725993,7.3253621310626995,0.005741540309616123,0.005741540309616243,0.05163557520798966,0.405517578125,0.010348602085229376,-0.004128051712649544,1.0157874491610293
fresh_id,27,0.0313364817427202,0.2642158732712817,0.8137255803389635,8.431574273096626,0.18389928573362718,-0.18389928573362704,0.18389928573362704,0.217529296875,0.0042237588072779435,-0.00934445376786587,0.8937644940172159
fresh_id,28,0.03250474011556893,0.19574389725280317,0.6325837404361193,6.022010837706927,0.20855851118300828,-0.20855851118300828,0.20855851118300828,0.118896484375,0.001263619729751062,-0.006052787127705142,0.9998445229324064
fresh_id,29,0.02730219661227614,0.2221767887192908,0.9572539552310225,8.13768913448493,0.044123388726761324,-0.04412338872676154,0.04412338872676154,0.115478515625,0.0021097627938187562,-0.010352510795006944,1.145910631419613
fresh_id,30,0.026361064310058115,0.20725925932168474,1.0020404767098756,7.862325165778856,0.020667430999156335,0.020667430999156335,0.020667430999156335,0.066162109375,0.0008005526473624048,-0.0030350177453889182,1.027042141588389
fresh_id,31,0.019929783233442744,0.11381207878340888,0.8989471052425149,5.710653119017821,0.10310358565892944,-0.10310358565892944,0.10310358565892944,0.342529296875,0.010811153936022437,-0.01201331651003816,1.0719770715016286
fresh_id,32,0.02092249958106636,0.17547855593828557,1.0121776657616486,8.387074176217617,0.08364362929890574,-0.08364362929890574,0.08364362929890574,0.1845703125,0.00223836769920233,-0.0052402065443481055,0.9777722505851317
fresh_id,33,0.02419427545885073,0.17392267052785518,0.3673325151263056,7.188587681563778,0.026767785383788007,-0.026767785383788007,0.026767785383788007,0.083740234375,0.0025022199005548832,-0.013094445563170007,1.2882101823111947
fresh_id,34,0.01737397278362005,0.14876430706736676,0.7025110880763515,8.562480724478847,0.0947593512124583,0.0947593512124583,0.0947593512124583,0.0693359375,0.0006712843061622675,-0.004718847115103106,1.1713818690611593
fresh_id,35,0.03641228308966758,0.30659279236523046,0.7572371365465382,8.420037590343512,0.10623253023490957,0.10623253023490974,0.10623253023490974,0.0,0.0,0.0073406975285996295,1.2167674448983767
fresh_id,36,0.012729184717927854,0.1058558266818246,0.6728748775968046,8.315994231173082,0.02222048297400898,-0.022220482974009248,0.022220482974009248,0.089111328125,0.0005281563291608116,-0.0024879672868330094,1.3015379582993631
fresh_id,37,0.030358578822917284,0.2869712185137972,0.8255275402665571,9.452722414567262,0.20817467693105762,-0.20817467693105762,0.20817467693105762,0.19580078125,0.0030554223554886736,-0.004986019781122494,0.8748102422218251
fresh_id,38,0.02400003960568203,0.17690619596296753,1.3639962883297516,7.371079334430966,0.21728438239257783,0.21728438239257766,0.2388782466594007,0.04052734375,0.00048761647711331534,-0.0007022582451466364,0.5281938941662682
fresh_id,39,0.01031568552359407,0.052479439341328836,0.5689145631530805,5.0873438533287665,0.06483360775914246,-0.06483360775914233,0.06483360775914233,0.48681640625,0.013980459946135735,-0.003004834295652084,0.628443940628941
fresh_id,40,0.018414364871012865,0.08463611935390725,0.9479532717570919,4.596200843567401,0.16768711934297328,-0.16768711934297342,0.16768711934297342,0.719482421875,0.07354075915607931,-0.006148335294639526,0.6798266731137768
fresh_id,41,0.025885577193588086,0.25907572870406337,1.218918370598664,10.008497271145918,0.026249725778581482,0.026249725778581482,0.10866626463868993,0.5263671875,0.027664465142811172,-0.008285730661608412,0.7834768641310831
fresh_id,42,0.013226052480826313,0.08571185181276285,0.3188044522421982,6.480531658030129,0.026126616279101705,0.026126616279101705,0.03073198622541552,0.1787109375,0.0023220797788513605,-0.0051812014098160525,0.9039481372597744
fresh_id,43,0.02468020443747977,0.19609090161619017,0.5849795234882019,7.945270555312065,0.04271754260901785,-0.04271754260901785,0.04271754260901785,0.034423828125,0.00038315748191166375,-0.006077186586143576,1.121949408593738
fresh_id,44,0.02499827178842577,0.10361053120560636,1.0796758660790857,4.14470776550154,0.10911639217739026,0.1091163921773904,0.12463583153368361,0.0,0.0,0.0036640936325974677,0.7822520057019485
fresh_id,45,0.009139598502411955,0.029129396103240283,0.831949305641037,3.1871636478947067,0.020344795569181805,-0.020344795569181805,0.028309524552452198,0.553466796875,0.023394609099560825,-0.003227110835039654,0.6404625129944778
fresh_id,46,0.018735331827121195,0.12260686818558907,0.26365084372730085,6.544152477091643,0.002141380112856835,0.002141380112856835,0.031063951075295824,0.12890625,0.003145631975002163,-0.008747425132071315,1.1113644798966318
fresh_id,47,0.004924058386851879,0.033673474497627594,0.46596374317070005,6.838561172942592,0.00964326946714262,-0.009643269467142779,0.010347728711437496,0.28125,0.0038355565985135824,-0.0024849770194869947,1.0314738020280754
fresh_id,48,0.015223755863137452,0.11175743137032255,0.7320910301410833,7.3409894624578245,0.08107826422961766,-0.08107826422961785,0.08107826422961785,0.221923828125,0.0031609521623344513,-0.004475456199713582,1.0130027100494952
fresh_id,49,0.017198643276518186,0.1288798825691451,0.35240745397327994,7.493607518745888,0.007217969568367748,-0.007217969568367467,0.015253968550712801,0.07421875,0.0006420424198050123,-0.004044717313748225,1.2313332196454256
fresh_id,50,0.03517092835543799,0.2542808744171436,0.6440976201970764,7.229859611534186,0.2678254387913763,-0.2678254387913763,0.2678254387913763,0.104248046875,0.0011789239370375497,-0.0030259065552125375,0.5944841622820566
fresh_id,51,0.019009083457546302,0.19126006809584414,1.2039034738074992,10.061509200219591,0.03580963441761774,0.03580963441761774,0.057523787588520454,0.474365234375,0.018585783656880933,-0.007815346165384054,0.9844735941345172
fresh_id,52,0.012834960759507795,0.11887928895096753,0.9393169871372162,9.262146661640935,0.04140730207343331,0.04140730207343331,0.04265455099739729,0.0986328125,0.0016085081208923018,-0.006626778070002906,1.1431650886762952
fresh_id,53,0.010542372716789152,0.07128297501676165,0.8449672303867028,6.7615684753054355,0.004995898774836417,0.004995898774836417,0.032348487429124086,0.002197265625,1.109988954319658e-06,-0.00013062582357251107,1.0869638983530994
fresh_id,54,0.019154416670342546,0.15356140900602352,0.8412183459890837,8.017023522506328,0.11574785492463348,-0.11574785492463348,0.11574785492463348,0.0,0.0,0.00023309176516324304,0.5289185777362289
fresh_id,55,0.03874195968548596,0.2948052923957897,0.8411226187381335,7.609457414882233,0.11785128978972693,-0.11785128978972693,0.11785128978972693,0.0,0.0,0.00010956424226352124,1.2306686783539174
fresh_id,56,0.016438496079887798,0.15763292096533943,0.9430663832803163,9.589254406198414,0.10555377233355534,-0.10555377233355534,0.10555377233355534,0.2529296875,0.0035768716072136536,-0.005194987524998182,1.0927485635145702
fresh_id,57,0.025749848657230717,0.07381091317907813,0.8363419448026745,2.866460077556672,0.05213783136015025,-0.05213783136015025,0.11467603832354355,0.563232421875,0.032265606396435324,-0.002375333883466224,0.395147465858893
fresh_id,58,0.017736106915273324,0.1316099801521319,0.4063948450831779,7.420454825900767,0.05060191884470879,0.05060191884470879,0.058773869227088896,0.37744140625,0.0094691555661219,-0.0063043767103720255,0.7676787623059417
fresh_id,59,0.007165997437262938,0.03738706153810755,0.980954117019698,5.2172864790177185,0.003081585921237541,0.003081585921237734,0.018642488390521753,0.05224609375,0.00039077306910689823,-0.0010629996053502094,0.708409136521313
fresh_id,60,0.0178820867408636,0.15214570910758107,0.8335803532162919,8.50827486256972,0.03224084888050953,-0.03224084888050953,0.032439590780189154,0.28125,0.007100547953062894,-0.007155732497530529,0.855386532491923
fresh_id,61,0.00784464479388583,0.06770401789335291,0.44747666904823724,8.630603382593165,0.02179751013923704,0.02179751013923724,0.02179751013923724,0.15576171875,0.00099289560508525,-0.002076882740231184,1.1528634382023408
fresh_id,62,0.013289016244640996,0.10388281767179475,0.7514473693060844,7.8171939712758745,0.03259469710570409,-0.03259469710570409,0.05396356085910691,0.025390625,6.944336154174142e-05,-0.0009622289996706751,0.994772748737278
fresh_id,63,0.037681275003265666,0.2853600366137422,1.170493871369938,7.572993126931383,0.09452016941380699,-0.09452016941380699,0.09452016941380699,0.391357421875,0.014846495075203862,-0.006220663263497281,0.6161233091450147
high_nu,0,0.015662355498218216,0.12209904937897997,0.29921171205670527,7.795701572018987,0.02344245149925197,0.02344245149925182,0.04703958860671621,0.0126953125,8.042353767397705e-05,-0.0019524146168047735,1.0657476567179889
high_nu,1,0.022146963417481184,0.2117066638041493,1.116140704232421,9.559173409617122,0.011879824332487628,-0.011879824332487495,0.01663093943747149,0.07373046875,0.0007836906620031135,-0.005278013069995216,1.2239946262586194
high_nu,2,0.01214835006538102,0.10936101152839472,0.7306983593060724,9.00212876150476,0.026715255414042485,0.026715255414042485,0.026917373453574114,0.0439453125,0.0006034208685552619,-0.003866677076742403,1.3717449431635136
high_nu,3,0.02393167852701818,0.17032743738582842,0.5824567737780727,7.1172373970147405,0.13610884150818625,-0.13610884150818625,0.13610884150818625,0.069580078125,0.0006663451630089635,-0.0034299997725264902,0.679371534769373
high_nu,4,0.052962307405953785,0.20959949830825522,1.1163213451409342,3.957522029802897,0.09500319110921669,0.09500319110921669,0.2827154916743831,0.0,0.0,0.011871612382071725,0.42821690263261
high_nu,5,0.03249285883382015,0.16678937700305504,1.1207761716643871,5.133108719552018,0.12602273007515097,0.1260227300751511,0.18528770731424216,0.0,0.0,0.0016181611377381055,0.5537668570528347
high_nu,6,0.016049407533820528,0.1090640079980035,0.8212169060428238,6.795516144018124,0.0740297670559918,0.0740297670559918,0.08238082687549779,0.057861328125,0.0011936519525787507,-0.0025995898956039792,0.6513101359759913
high_nu,7,0.033717728095728185,0.18013912905719606,0.3691521060916858,5.342564260135264,0.20961696705630978,-0.20961696705630978,0.20961696705630978,0.11767578125,0.0012827027423271368,-0.005126871200289748,0.80260879115432
high_nu,8,0.014540867184927772,0.08138492128445009,0.6730543082818701,5.596978519191003,0.015358919281453248,-0.015358919281453389,0.0729011863213932,0.068115234375,0.0007213530062122767,-0.0019502666782886258,0.7540103485389757
high_nu,9,0.028253059828708384,0.19023763385871045,0.9801382012403875,6.733346229119119,0.011603897152020077,-0.011603897152020077,0.040217136070870824,0.176513671875,0.0018099621554172067,-0.004195044932251479,0.6083946051994704
high_nu,10,0.008633208158306638,0.058354808716435176,0.6309958901281375,6.759342256828102,0.0204758318571754,0.0204758318571754,0.03771410213143416,0.4052734375,0.008044734401394835,-0.005756132952640505,1.148005783995764
high_nu,11,0.031347813913504795,0.13591820569014507,0.6695633727471499,4.335811296608177,0.07810194471842297,-0.07810194471842297,0.16610757454095457,0.0,0.0,0.002401316367305187,0.41125588162495674
high_nu,12,0.00702409519088141,0.04500409701968364,0.4629543310181152,6.407102380689172,0.020903510742854695,-0.020903510742854695,0.020903510742854695,0.111328125,0.002731843553654521,-0.00440892626096806,0.8948600268933384
high_nu,13,0.016571468846580797,0.1014180601116421,0.790390033752502,6.120040477435877,0.007429338348401395,0.007429338348401395,0.01220562828963945,0.045654296875,0.00036386725631457897,-0.0034078324854872055,0.9009692132753288
high_nu,14,0.01979668796224394,0.14680185520822137,0.6139587321776908,7.415475532483034,0.1623796103873276,-0.16237961038732748,0.16237961038732748,0.05859375,0.0006836956053417246,-0.005366134704412953,1.072472136232568
high_nu,15,0.03220632417374702,0.24915270132622758,1.0301610107101216,7.7361421310328975,0.054792350993440805,-0.05479235099344094,0.05479235099344094,0.184326171875,0.004128920569756049,-0.007058766410399223,0.7904514591528768
high_nu,16,0.025165304578513,0.2280203579909458,0.7663845859661462,9.060901976351893,0.03829586343168605,-0.03829586343168605,0.049187250926037596,0.0,0.0,0.002574014835648286,1.366739263703902
high_nu,17,0.01661307993405503,0.0843308600753043,0.8885737081945456,5.076172534536181,0.009399565141267914,-0.009399565141267914,0.041241452570450005,0.073974609375,0.0010472912936700907,-0.00355486098274016,0.8498855636803505
high_nu,18,0.013268882380910297,0.09008747622308613,0.5788195075378577,6.789379364210309,0.0009250263563944698,0.0009250263563944698,0.004678172113373404,0.20458984375,0.0027402762658776552,-0.005268986112701837,0.9918147706630683
high_nu,19,0.011428330709934516,0.037218832716790884,1.0815578700480628,3.2567164585495396,0.025901059843363793,0.025901059843363793,0.0977587558881136,0.073486328125,0.0010998222807265228,-0.0012219891719872505,0.5346216212340859
high_nu,20,0.020659267957884066,0.09954787275042923,0.3511923759900218,4.818557605882614,0.041535414900698384,0.041535414900698155,0.10922943322084099,0.009765625,5.702178087073819e-05,-0.0006221668122402962,0.6338257479887153
high_nu,21,0.01603252176827924,0.14878051725091274,1.0944903496414424,9.279919865462391,0.050435033617680564,-0.050435033617680564,0.050435033617680564,0.054931640625,0.00095270005620523,-0.003470810604333463,0.9130281051141884
high_nu,22,0.018165975888425268,0.10658093778367686,0.578199494982557,5.867063704052725,0.04886123545317223,-0.04886123545317207,0.05229478808185745,0.152587890625,0.0018333313196815292,-0.0020566668483144174,0.5696245676815029
high_nu,23,0.024122839006905948,0.09855196721543286,0.7283114020641972,4.085421586871228,0.011718987036601486,-0.011718987036601486,0.11621764742405767,0.0087890625,3.1903027949913565e-05,-0.0004958174877605359,0.47421518846067123
high_nu,24,0.015237875300128916,0.09992288913408957,0.7214709119125121,6.557534247129861,0.03842159866019492,-0.03842159866019513,0.04935383922437479,0.152587890625,0.0029349023111451067,-0.006088178977373307,0.7724529698031064
high_nu,25,0.017278905238960054,0.12335918857003553,1.2392978287129792,7.139294235602858,0.12557976954446573,0.1255797695444656,0.1255797695444656,0.0,0.0,0.0007012862064299241,0.8440369938383204
high_nu,26,0.01642218730865752,0.09879687646079882,0.7036197406526851,6.016060747810046,0.035603644725072464,0.035603644725072464,0.052554396597739896,0.052978515625,0.0015970829414345396,-0.003661738472436213,0.774816207568176
high_nu,27,0.018102453724462425,0.15646386059194678,0.6460631717645716,8.643240467479398,0.008123039485153624,-0.008123039485153844,0.008621011083481908,0.151611328125,0.00275004777240014,-0.009351697795802708,0.989890835460401
high_nu,28,0.03590416038590281,0.2165387106307483,0.5529120038246711,6.031020035097904,0.13225448045990282,-0.13225448045990282,0.13225448045990282,0.19775390625,0.005427337637008472,-0.008392369491469334,0.6118262528523408
high_nu,29,0.02086896608737975,0.18203018334110474,1.0658773395922025,8.722530027550587,0.0945330665587325,-0.0945330665587325,0.0945330665587325,0.116455078125,0.0025413672496155844,-0.009878700828207812,0.9849421535849435
high_nu,30,0.01330885637751686,0.10410161476089728,0.6566948642194632,7.821980477357917,0.025970971126912906,0.025970971126912906,0.025970971126912906,0.18212890625,0.003985779120530833,-0.008437869287095875,1.1616649883008567
high_nu,31,0.02571590140770997,0.1842304796012048,0.6665353877400095,7.1640685146650185,0.07429327332667245,-0.07429327332667245,0.07429327332667245,0.344970703125,0.011617891702770557,-0.00659649634856925,0.739221412807268
high_nu,32,0.04492653667377313,0.22888336038990828,0.7635469184422632,5.094613948364376,0.1662477579178156,-0.16624775791781568,0.16624775791781568,0.282958984375,0.008898486537235569,-0.006991801268424955,0.4642589459245486
high_nu,33,0.022413532690083754,0.14843067926419157,1.0215649453148605,6.622368785705103,0.021852120785230265,-0.021852120785230265,0.07331476995403804,0.0,0.0,0.0015456085478590537,0.7331667531781977
high_nu,34,0.009919521327329766,0.06919405374438883,0.8149851251438089,6.975543623637247,0.01935355027008905,-0.019353550270088792,0.037244429824057144,0.1015625,0.0020534764515662716,-0.003977822365843098,0.7640663508861821
high_nu,35,0.020064581094479988,0.12638394244995713,0.9762495732353526,6.29885776607252,0.035672442870450835,0.035672442870451015,0.09925765029135339,0.024658203125,0.0002811671473598669,-0.001459062621152779,0.662648106646997
high_nu,36,0.019095208093208544,0.16530752960817818,0.8196981862693177,8.657016399154713,0.07037301493792167,-0.07037301493792154,0.07037301493792154,0.119140625,0.0019377241807818424,-0.008638357587417614,1.0921865617192843
high_nu,37,0.028351084410805853,0.2069711811115583,0.6016774659700163,7.300291520160422,0.09096352393009911,-0.09096352393009931,0.09096352393009931,0.1943359375,0.00479603529248721,-0.009865153372860827,0.6828245214192666
high_nu,38,0.01114865630370014,0.09481179592308561,0.8269833901657792,8.504324946461793,0.004450902280138469,-0.004450902280138469,0.03935373215056092,0.216552734375,0.0046651876185806115,-0.006471059546988497,1.0576589975858155
high_nu,39,0.03617139027751921,0.1731830405368142,0.5470319157069758,4.787845841923548,0.16826568769742462,-0.16826568769742462,0.1853530959504798,0.045166015625,0.0008049165122145828,-0.0013050147169842846,0.40440112191802513
high_nu,40,0.011463054271357137,0.07606176371235401,0.45290525544202265,6.635383721632585,0.043437927234880935,-0.04343792723488106,0.04868708734815931,0.217529296875,0.0031817114632304035,-0.002964837715047325,0.7837612904993009
high_nu,41,0.01441331983376867,0.08868209405444737,0.5394836763527192,6.152787496373731,0.022684944448345158,-0.022684944448344832,0.023647900708210497,0.09033203125,0.0007834546231954091,-0.002945646656540221,0.807358964202206
high_nu,42,0.026013734355473685,0.12853009456215386,0.7268201652957029,4.94085519617483,0.025635058895942853,0.025635058895942853,0.12515688719926094,0.0,0.0,0.0004592430171681955,0.8211663060708443
high_nu,43,0.02352562060325361,0.18824523903713788,1.037890973016066,8.00171192980573,0.06988952406426366,-0.06988952406426366,0.06988952406426366,0.09423828125,0.0012716178173374432,-0.005126660618082299,1.0537888896993726
high_nu,44,0.02093244043994908,0.14199028080253195,0.6248756663443814,6.783264531905547,0.12420947593775787,-0.12420947593775787,0.12420947593775787,0.03857421875,0.0003491149676638343,-0.0030856136304361487,0.9849975226666934
high_nu,45,0.05634638472449324,0.21710387769272696,0.9981299890928645,3.8530223146393623,0.11051897033245173,0.11051897033245173,0.36813949494960757,0.0,0.0,0.00802414910233834,0.38240398530237435
high_nu,46,0.02959896804289682,0.24828638604680076,0.9935987445908424,8.388346029056397,0.018017633941570882,-0.018017633941570882,0.03336714208714365,0.066650390625,0.0005143398887660614,-0.0020031087735488257,0.5788748825029433
high_nu,47,0.009969950792361485,0.06712536225215351,0.4006749488166566,6.732767658550718,0.007835703022580052,-0.007835703022580052,0.03748889152899208,0.0888671875,0.002029205187263919,-0.004092365047890928,0.8132175296796839
high_nu,48,0.01732449839062234,0.12012385946347301,1.0807526023928622,6.933756854310738,0.05652559710971254,0.05652559710971276,0.05891209635790684,0.07666015625,0.0005785899176679877,-0.002210433976206294,0.89509576665519
high_nu,49,0.02110719681386021,0.10498160869589884,0.8198091916687581,4.973735244035903,0.054872269012969405,-0.054872269012969405,0.054872269012969405,0.239990234375,0.0054043770268088825,-0.00823583671725274,0.9826574208668174
high_nu,50,0.021687383686555577,0.1882488043806393,0.8498353548564164,8.680106697118026,0.08817657069252806,-0.08817657069252817,0.08817657069252817,0.00732421875,1.8505106482198316e-05,-0.0011859094204413612,0.8139761871791157
high_nu,51,0.01116649387781575,0.07914952273696432,1.0056061542854766,7.088126640557166,0.009330059449200526,-0.009330059449200668,0.04982033401319979,0.111572265625,0.003306197035211098,-0.0035698403970979287,0.7156082402538935
high_nu,52,0.042411859971067126,0.22028080810555828,0.9315647029583529,5.19384927366617,0.2084721376155013,-0.2084721376155013,0.2084721376155013,0.202880859375,0.005120963288563535,-0.008406927741412176,0.7180298794845003
high_nu,53,0.0312586621874984,0.28695821779895475,1.0837346476322967,9.180118332566419,0.17437523173685376,-0.17437523173685376,0.17437523173685376,0.014404296875,7.529009791368103e-05,-0.0015843028793398883,0.6688396727885482
high_nu,54,0.008837780552126282,0.06506116048697454,0.7079482042164719,7.361708078542578,0.024473823564485946,0.024473823564485946,0.02712521408983121,0.33935546875,0.006290385288759432,-0.006187798400318703,1.069150328259112
high_nu,55,0.011911792404658858,0.09417555633673912,1.0854487510945956,7.906077703293907,0.06103016614870992,0.06103016614870992,0.06103016614870992,0.065673828125,0.0003490203036879127,-0.0013158667200757201,1.0269930618952354
high_nu,56,0.034789140601094976,0.32018839568647245,1.1208734818436956,9.203687994419576,0.05132646303001291,-0.05132646303001267,0.055443729541253754,0.064697265625,0.0007302390763885101,-0.0055374222719660054,1.1466913017791318
high_nu,57,0.017682778377105243,0.10595322147016327,0.6713398400237325,5.991887655355455,0.06283187215920329,-0.06283187215920329,0.06283187215920329,0.1064453125,0.0014580782440442605,-0.0058512318775322675,0.9015609212006813
high_nu,58,0.01587669575702786,0.082568808759344,0.7616927373511757,5.200629275949607,0.024010971912764648,-0.024010971912764783,0.10440704169961923,0.022216796875,0.00016027776078837277,-0.0006071031649995534,0.5163164680349892
high_nu,59,0.020248270077515475,0.1237385371100007,0.8090554993428414,6.111067100364546,0.0030713043469503226,-0.0030713043469503226,0.00954884191569776,0.00146484375,6.098193391925594e-07,-0.0002432311493116568,1.0818005349365367
high_nu,60,0.024274863810765854,0.1020160753714969,0.8141965873978025,4.2025395555979586,0.1135466399842998,0.1135466399842998,0.11492787707985237,0.0,0.0,0.0006170814010710846,0.7677095915411147
high_nu,61,0.04074172823809171,0.12030652345365637,0.9170181332232396,2.9529067287129735,0.019727730099020863,-0.019727730099021165,0.30600476265876764,0.0,0.0,2.5331359277014354e-05,0.3458346160853125
high_nu,62,0.03705396569008195,0.15337997337500606,0.31283723089490306,4.139367285484925,0.1044976668879557,-0.1044976668879555,0.22288936528485365,0.000732421875,4.5370023925762217e-07,-2.2709461652961616e-05,0.38840484819684407
high_nu,63,0.01563867576976452,0.11576586518711666,0.6579065285910308,7.402536307513703,0.014585853893653149,0.014585853893653149,0.028833977333930377,0.206298828125,0.0040400823779023496,-0.006803863667668206,1.1563121570528299
high_velocity,velocity_pp:0,0.04612073131561292,0.4027666488867077,1.4237198021965243,8.732876461357455,0.021186256678241266,-0.021186256678241106,0.021810577902044753,0.3115234375,0.01308722778621076,-0.008199756965706836,0.9439704369714746
high_velocity,velocity_pp:1,0.06148602002364796,0.41574029372100624,1.1197141271469015,6.7615417872405725,0.236622101208285,-0.236622101208285,0.236622101208285,0.112548828125,0.00270945357604336,-0.010627769817793023,0.6025184069718207
high_velocity,velocity_pp:2,0.05341149333722159,0.3853755625508577,1.2870605934308124,7.215217895476737,0.03963113143179319,-0.039631131431793316,0.039631131431793316,0.091064453125,0.0011477908811849816,-0.005057393110639727,0.9277348295521013
high_velocity,velocity_pp:3,0.042288788328959596,0.3178342073642865,1.3848453496631827,7.515803122375864,0.036805655272666285,-0.036805655272666285,0.0454221626732789,0.23046875,0.008132252866523432,-0.008413905031886229,0.6018301120073103
high_velocity,velocity_pp:4,0.04837440137179221,0.3482643880661181,1.3172202507800737,7.199352926136589,0.029507367797081994,-0.029507367797082164,0.029507367797082164,0.20654296875,0.0039484228624104886,-0.006291952360131511,0.8569467501058544
high_velocity,velocity_pp:5,0.06175199533724127,0.43423371381933257,1.3054049739072182,7.031897697360004,0.16261370856184149,-0.16261370856184149,0.16261370856184149,0.264404296875,0.009422195990849438,-0.009021631243820064,0.5423132627111161
high_velocity,velocity_pp:6,0.049196669295770094,0.40243835178500886,1.2776902733827467,8.180195073076021,0.02671603485074744,0.02671603485074744,0.02671603485074744,0.0,0.0,0.0010282361417420782,1.1083158110850733
high_velocity,velocity_pp:7,0.06990327278736283,0.5549642794519584,1.4502611117627782,7.9390314261836,0.09997638586268932,-0.09997638586268932,0.09997638586268932,0.265625,0.009371288456857562,-0.00867255613791014,0.7293700963657189
high_velocity,velocity_pp:8,0.04130476962963727,0.3675150031861043,1.4153160836275511,8.89764079261206,0.051746997099059375,-0.051746997099059375,0.05796245109818994,0.2998046875,0.012978180779389567,-0.006750572330365398,0.739810593746131
high_velocity,velocity_pp:9,0.04746429191509719,0.3666858402996929,1.1271337679160367,7.725509546326117,0.2336442959375494,-0.2336442959375494,0.2336442959375494,0.148193359375,0.0036691839526649993,-0.010464021093267259,0.7059784001393435
high_velocity,velocity_pp:10,0.03758146912091667,0.3208473124872852,1.424521313436518,8.53738078878645,0.08674766462737712,-0.08674766462737712,0.09487319729785067,0.435302734375,0.026178143716690614,-0.004552290627811109,0.49325476816652725
high_velocity,velocity_pp:11,0.052357221153259595,0.37137607423814495,1.2116069548730113,7.0931204150628275,0.21143305238269475,-0.21143305238269505,0.21143305238269505,0.05224609375,0.000209716401061879,-0.0024321068465991275,0.9597727504407655
high_velocity,velocity_pp:12,0.04256107931497641,0.3465911225765241,1.1909290681052558,8.143381891505873,0.20148126219441242,-0.20148126219441242,0.20148126219441242,0.228515625,0.004955501669353568,-0.00544583305053202,0.6892220088820922
high_velocity,velocity_pp:13,0.033395748439749184,0.23874045042733494,1.3271713433464434,7.148827667631334,0.07349573380280205,-0.07349573380280205,0.08351133540902929,0.2939453125,0.007784861482017629,-0.007010613278958591,0.6439439142035656
high_velocity,velocity_pp:14,0.042967905257526036,0.3231314976295564,1.193262772143182,7.520299062588311,0.09616446962797395,-0.09616446962797363,0.10220914034345076,0.120849609375,0.0025744788819726315,-0.006055959899630967,1.0063075997334507
high_velocity,velocity_pp:15,0.03503084625442005,0.2886390970226504,1.1191410891869953,8.239569633183814,0.18112033283107964,-0.18112033283107978,0.18112033283107978,0.223388671875,0.004830689856522719,-0.007850232617754319,0.8872257760872496
high_velocity,velocity_pn:0,0.043006847107269285,0.33507181061093455,1.1069167216494575,7.791127068096527,0.15485745937039128,-0.15485745937039117,0.15485745937039117,0.069580078125,0.0007597245486926094,-0.005461739026602644,0.8662424664512245
high_velocity,velocity_pn:1,0.051494867570132996,0.4673532498652223,1.155708340545029,9.07572486187511,0.02618959458729053,-0.026189594587290393,0.05108714568449314,0.0771484375,0.0009861039380337955,-0.004661231823140322,1.2361536990729776
high_velocity,velocity_pn:2,0.05509216434447473,0.4755180932767275,1.371984211021318,8.631319878875258,0.2112418244375622,-0.2112418244375622,0.2112418244375622,0.094970703125,0.0013457927805755106,-0.0033629784752968878,0.6327789017189589
high_velocity,velocity_pn:3,0.07894180359830233,0.6854770323930542,1.3894843019782241,8.683321144790714,0.16886622636707774,-0.16886622636707774,0.16886622636707774,0.1572265625,0.0035192695434113643,-0.00840371285304485,1.009013946108552
high_velocity,velocity_pn:4,0.05087311055417298,0.40607177606872613,1.1570913271147654,7.982051257438144,0.1588211196293667,-0.15882111962936643,0.15882111962936643,0.287109375,0.007051352940149002,-0.009887489125666074,0.9390252367218472
high_velocity,velocity_pn:5,0.07057759918620146,0.6107051037179422,1.391049228872387,8.65295944831941,0.28895228564039155,-0.28895228564039155,0.28895228564039155,0.05126953125,0.00040401245816301407,-0.0020885911109663063,0.6750290488751417
high_velocity,velocity_pn:6,0.04805618351165796,0.44894175944782716,1.3454502201237502,9.342018584120778,0.07141381515417812,-0.07141381515417812,0.07141381515417812,0.4189453125,0.018651483827095337,-0.009931725428047836,1.1575047823654083
high_velocity,velocity_pn:7,0.07579792512472457,0.6315030515178732,1.2915172923279312,8.33140287783264,0.3269417875437073,-0.3269417875437073,0.3269417875437073,0.291748046875,0.00862555396914387,-0.012982022742010699,0.8032297559676965
high_velocity,velocity_pn:8,0.061143670358644056,0.5106028163455962,1.2378643323018161,8.35086957244481,0.37938633448179393,-0.37938633448179415,0.37938633448179415,0.416015625,0.017159971913320308,-0.008929087383045556,0.5337292019164714
high_velocity,velocity_pn:9,0.05361781700197944,0.42293039521577935,1.0896955389347662,7.88787046664294,0.1842047441110471,-0.1842047441110471,0.1842047441110471,0.124267578125,0.0031322485657587574,-0.010098675002127092,0.9135609061767057
high_velocity,velocity_pn:10,0.08536196640559202,0.7733165970577968,1.463388947433791,9.059264091731809,0.29081408718180674,-0.29081408718180685,0.29081408718180685,0.787353515625,0.11733193713333026,-0.013355174413640938,0.9718855513247364
high_velocity,velocity_pn:11,0.04221840614025517,0.35219778128692075,1.30852555702024,8.342280381615375,0.2530852911668178,-0.25308529116681794,0.25308529116681794,0.270263671875,0.007706829507941892,-0.0038216686395999427,0.50183849202964
high_velocity,velocity_pn:12,0.049864403112074004,0.44572272594598716,1.2560811497907511,8.938695705314906,0.09027002154363159,-0.09027002154363159,0.0922400513973097,0.145263671875,0.0028588172061277685,-0.006466791747583869,0.9363347822840028
high_velocity,velocity_pn:13,0.050435577223491096,0.46350072992821917,1.2200049702570421,9.189955889160261,0.03087804181092312,-0.03087804181092312,0.05857083419333631,0.06689453125,0.000950745719798471,-0.00455029711624709,1.2231934030756517
high_velocity,velocity_pn:14,0.05044498174292363,0.4606124779071605,1.2961048958324544,9.130987106993546,0.07359748155924864,-0.07359748155924875,0.0846689623387886,0.0908203125,0.0016321154266707677,-0.004554466643954924,1.0382966655499828
high_velocity,velocity_pn:15,0.061730589925372434,0.5281251320950374,1.2223303283818119,8.555322940109601,0.15159043324630855,-0.15159043324630866,0.15159043324630866,0.05419921875,0.0006602123631598096,-0.004649593646474354,0.8136422880309572
high_velocity,velocity_np:0,0.05484116624987219,0.4154503733766796,1.309357140130413,7.575520394365206,0.09697488482209582,-0.09697488482209582,0.09697488482209582,0.050048828125,0.0005706058712413547,-0.006252096167665075,1.4210100609700684
high_velocity,velocity_np:1,0.07472676349734651,0.6017261878317974,1.4290780164236951,8.052351790308224,0.00781566749333341,0.00781566749333341,0.026258950769786172,0.00439453125,2.933879656396244e-05,-0.001482507440250691,0.8577925044062944
high_velocity,velocity_np:2,0.023619487015890568,0.1970897207430722,1.220154828074211,8.344369232510234,0.015905680035803595,-0.015905680035803706,0.05056704293547818,0.001708984375,1.5811956283045935e-06,-0.00017745930651301423,1.1101557941810307
high_velocity,velocity_np:3,0.037156309825062385,0.3176119604532414,1.3034257625554446,8.547995265100527,0.013814864129807779,-0.013814864129807779,0.06690334263876195,0.0,0.0,0.0008890974578621841,1.2328153814544562
high_velocity,velocity_np:4,0.06522270793193995,0.5386360995484542,1.2874975039910737,8.258413620460564,0.08059520407965352,-0.08059520407965352,0.08059520407965352,0.0,0.0,0.002081722770440539,0.8486329645550859
high_velocity,velocity_np:5,0.026791948087235482,0.20985385814746274,0.9576596228106629,7.832721139357673,0.12359029978177928,-0.12359029978177928,0.12359029978177928,0.05859375,0.0004356260674786779,-0.0022650309231953825,0.7076359909660074
high_velocity,velocity_np:6,0.03232292871312334,0.26615536528317013,1.3092780687330938,8.234258957329851,0.019154567073990346,0.019154567073990606,0.0675894077121183,0.0,0.0,0.0028288544037170654,1.0374677578261402
high_velocity,velocity_np:7,0.024237999131063327,0.17704548592307184,1.2054125118935644,7.304459620025773,0.004835772228519289,0.004835772228519289,0.0754121970994198,0.0,0.0,0.00389251215303614,0.6172263668253507
high_velocity,velocity_np:8,0.027432922422225833,0.2342948446869678,1.2781000740304007,8.540644743599932,0.03125809666294059,0.03125809666294059,0.06361006301402157,0.0,0.0,0.0028775199518625144,0.8932963838088321
high_velocity,velocity_np:9,0.06492531749194774,0.48541626696502704,1.4074088718486681,7.476532818268159,0.17525230331187047,0.17525230331187,0.17525230331187,0.0107421875,0.00017242131795070173,-0.0012678258991457442,1.0095649414737944
high_velocity,velocity_np:10,0.03184970229461011,0.2725057970281965,1.1808741023450582,8.555991968386856,0.06521591695833515,-0.06521591695833501,0.07865012865673592,0.0,0.0,7.60957100902071e-05,1.0692710620580592
high_velocity,velocity_np:11,0.035081615832616174,0.24951711534403284,1.276519834937033,7.112474993584849,0.011456870924966311,-0.011456870924966311,0.13133745920388296,0.0,0.0,0.005681035976895649,0.6242327457216581
high_velocity,velocity_np:12,0.039973949699007534,0.300395351346145,1.361137498621317,7.514777839268736,0.08760798103800485,0.08760798103800506,0.12157248967119703,0.0,0.0,0.005089756235364923,0.7741662666430521
high_velocity,velocity_np:13,0.06465075275330771,0.40948478794470333,1.392211727549922,6.3337976822513165,0.2569969861641763,0.2569969861641761,0.2893972897193427,0.0,0.0,0.008078198535588027,0.6028547769512135
high_velocity,velocity_np:14,0.0762750328215332,0.5489671179067742,1.4810165451720763,7.197205921775695,0.4006722954890113,0.4006722954890113,0.4006722954890113,0.0,0.0,0.005575723814941758,0.6495195695047195
high_velocity,velocity_np:15,0.027702140759269696,0.23914393980645915,1.0072867914026,8.632688061352686,0.08066736010169046,-0.08066736010169046,0.08066736010169046,0.00537109375,8.488723540417224e-06,-0.000571556888379246,1.1971697100322245
high_velocity,velocity_nn:0,0.0369728893307246,0.2887400250165227,0.9016963870951316,7.809506647796084,0.24960738169297667,-0.24960738169297667,0.24960738169297667,0.19140625,0.001560117611048251,-0.004478502622314917,0.943443476055511
high_velocity,velocity_nn:1,0.030796421678910522,0.2864443308675027,1.396198602233339,9.301221221544079,0.03120680226111489,-0.03120680226111489,0.09048687207240132,0.01318359375,9.153860902513659e-05,-0.000840400173244521,0.7110732541444104
high_velocity,velocity_nn:2,0.0465633872798493,0.42559751736480406,1.4276273062756066,9.14017519401955,0.10881552092441939,-0.10881552092441939,0.10881552092441939,0.32080078125,0.00829429007652531,-0.0055506889510364005,0.704108093205511
high_velocity,velocity_nn:3,0.04799313319953896,0.4518051391489716,1.41987869555108,9.413953810236164,0.10473365789200084,-0.1047336578920007,0.1047336578920007,0.22607421875,0.005069796666689187,-0.005482376082934323,0.8884773644179186
high_velocity,velocity_nn:4,0.03736118143250803,0.2937778861525676,0.8646939135197664,7.863185126607131,0.20762025319285146,-0.20762025319285132,0.20762025319285132,0.14990234375,0.003359910512744742,-0.010876172589720248,1.0790602707872197
high_velocity,velocity_nn:5,0.059657390901322126,0.5040889405281478,1.4885966218772495,8.44973159087613,0.04471795591805396,0.04471795591805396,0.14386668163188138,0.0,0.0,0.0010935025872427923,0.5564798859033195
high_velocity,velocity_nn:6,0.0455093729824633,0.4056072154138308,1.1082479561830436,8.912608300934592,0.22011066140728136,-0.22011066140728147,0.22011066140728147,0.137451171875,0.0017477926911757073,-0.005658394730748487,0.876114111095201
high_velocity,velocity_nn:7,0.076153832733311,0.5966000569505799,1.1597121680538665,7.83414354258255,0.029108168160011504,-0.029108168160011504,0.04840741057619149,0.33203125,0.009801711170587457,-0.005557301232350834,0.7273728785548534
high_velocity,velocity_nn:8,0.05614666569999538,0.44653754106035226,1.2499975506661274,7.9530553683509115,0.13556073158790385,-0.13556073158790385,0.13556073158790385,0.001708984375,2.696035284432412e-06,-0.00043721947882958967,0.6482180591520672
high_velocity,velocity_nn:9,0.06833167712301662,0.5566361974457529,1.3524299789830998,8.146093011059103,0.16854986945743494,-0.16854986945743494,0.16854986945743494,0.0361328125,0.000275836584098156,-0.0030098461521897713,0.7197232412088058
high_velocity,velocity_nn:10,0.056196828832662034,0.4810491003118039,1.0882008610681082,8.560075547042512,0.2388366513650122,-0.2388366513650122,0.2388366513650122,0.1787109375,0.002832020381726749,-0.007659136283885579,0.8513133672022273
high_velocity,velocity_nn:11,0.04237799628950904,0.39420778661613315,1.304657026230924,9.30218087526054,0.13623663643435568,-0.13623663643435568,0.13623663643435568,0.0576171875,0.00046135925590649814,-0.0026490486367308913,0.8404930918300566
high_velocity,velocity_nn:12,0.05041167949003655,0.43550122421444376,1.3982211693103375,8.638895363534099,0.14001219224778247,-0.14001219224778233,0.14001219224778233,0.714599609375,0.059735931180478624,-0.005766409364364858,0.6049810956940697
high_velocity,velocity_nn:13,0.04015169865875559,0.34971471863748527,1.3747837473663782,8.709836204183244,0.1641422579329935,-0.1641422579329937,0.1641422579329937,0.5517578125,0.03040822199439316,-0.006364898036797836,0.7168043471923019
high_velocity,velocity_nn:14,0.0346450115021815,0.27971515212362624,1.3167328213216154,8.073749726017938,0.1977375159637242,-0.19773751596372433,0.19773751596372433,0.627685546875,0.04600950572227622,-0.008711612117988196,0.7182837573938217
high_velocity,velocity_nn:15,0.043086836325751464,0.4097397703753007,1.3875267334937913,9.509627656983808,0.14690925443939648,-0.14690925443939648,0.14690925443939648,0.065185546875,0.00042793246162722186,-0.00292821044976202,0.9489731402025542
resolution_64,0,0.011981548482530784,0.06472309262576358,0.20863037641634324,5.4018971521194015,0.04108612125531078,-0.04108612125531078,0.04108612125531078,0.14990234375,0.0030683185290145743,-0.005345483609267412,0.9099680929410544
resolution_64,1,0.005401954221982725,0.0335254665975899,0.7121645486961384,6.2061737697001,0.0037802371778306535,-0.003780237177830786,0.02810159388646854,0.376953125,0.006826361987862519,-0.0044935803083695075,1.1745399283100897
resolution_64,2,0.025247245030779856,0.2086600407741738,0.7300769068359716,8.264665729658368,0.01062781288090567,0.01062781288090567,0.1290504239919466,0.04248046875,0.0006533239773114486,-0.001344604171987951,0.5471159409227304
resolution_64,3,0.011090371390509526,0.09113840938209086,0.46698924402512565,8.217795975712919,0.0055689911845727,0.005568991184572889,0.016639012477032228,0.2509765625,0.004059635012455147,-0.007029860492721016,1.2112798410375716
resolution_64,4,0.025641212500783033,0.24001426318103117,1.098213238513913,9.360488049217704,0.026718179902230337,0.02671817990223014,0.04799673509680197,0.159912109375,0.0018739396329746703,-0.003999666760164264,1.1745357728211956
resolution_64,5,0.02508865169249444,0.1963072973741815,0.59313041452144,7.824545526809203,0.08547511039791503,-0.08547511039791492,0.08547511039791492,0.07568359375,0.0005998148278236503,-0.004159540772072673,0.9298361592063381
resolution_64,6,0.02555737560870036,0.23207768538364032,1.0622608742812176,9.08065401302923,0.07965655936628664,-0.07965655936628674,0.07965655936628674,0.392822265625,0.013348534486365691,-0.011458306044040037,1.0953297959808088
resolution_64,7,0.020084640365515907,0.1452350164166863,0.45267293069191633,7.23114846836122,0.07817286129681787,-0.07817286129681787,0.07817286129681787,0.068359375,0.0005263524644320326,-0.002762805145204175,0.7901548470942537
resolution_64,8,0.007004588324801739,0.06117906414798364,0.9242091557032661,8.734141295836293,0.013501831912336396,0.013501831912336396,0.016094257391392613,0.104248046875,0.0005946536885934218,-0.0007408649831821268,0.7876906983353663
resolution_64,9,0.020868300276679862,0.18557628279855207,0.5903390261461627,8.892735888314387,0.03180182245717106,0.031801822457171246,0.03941816682261606,0.029541015625,0.0002455294943880923,-0.004942274837224828,1.0548911050508787
resolution_64,10,0.03596513157011203,0.26805735857009605,0.7790774525101715,7.4532567202634326,0.2725456290024098,-0.2725456290024098,0.2725456290024098,0.28564453125,0.005573662975202532,-0.004616939365503253,0.513179523162061
resolution_64,11,0.020717079815877604,0.17383409806859987,0.5489509744657042,8.390859117865304,0.03385980916187055,-0.03385980916187055,0.03385980916187055,0.049072265625,0.00027514570112993424,-0.0020809539962421963,0.9559981064883739
resolution_64,12,0.025630805011013204,0.17286113806908024,0.35328496015233424,6.744272682610015,0.1320826763788907,-0.1320826763788905,0.1320826763788905,0.148193359375,0.00230880662470206,-0.007870827557644525,0.9702644614140333
resolution_64,13,0.01515111111986215,0.14631685508495113,1.0779148552168705,9.657169954561219,0.08483587732066825,0.08483587732066857,0.08483587732066857,0.29443359375,0.007337815718404336,-0.00492218529463255,0.9400451846243032
resolution_64,14,0.011610368437642625,0.09940476520344559,0.5622146564668454,8.561723578138988,0.016887943423761417,-0.016887943423761546,0.03914207631977652,0.007568359375,8.542648915799075e-06,-0.00018411370426894835,0.8208235905475998
resolution_64,15,0.040751822507499064,0.1820834442614096,0.730012160400614,4.4681055486022245,0.15395379577705912,-0.15395379577705912,0.15395379577705912,0.14599609375,0.0030475022160478594,-0.008055030833922186,0.7624867597091637
resolution_64,16,0.024691276114292993,0.2000262121275697,1.0366175577122199,8.1010884654836,0.04025650757298066,-0.04025650757298066,0.04025650757298066,0.026611328125,0.00014993383107776074,-0.002099527346940716,1.4196970387900747
resolution_64,17,0.02564629377237228,0.1913335312225799,0.78806231050043,7.460474909972988,0.1399327141601749,-0.13993271416017464,0.13993271416017464,0.45556640625,0.01942544853587015,-0.007549310643284998,0.6805338923993315
resolution_64,18,0.015496002559646577,0.12444931121024706,0.5696664475595156,8.031059025140316,0.010454074033317697,0.010454074033318,0.010454074033318,0.070556640625,0.0006738857785882459,-0.00414182378901784,1.1963995968607064
resolution_64,19,0.010878481477163629,0.06815944516167396,0.3047831106709404,6.265529366828994,0.019295166999823806,0.019295166999823806,0.01985725078623049,0.240478515625,0.0032443458593637833,-0.004262276811688545,1.0674992514420656
resolution_64,20,0.01379923434674434,0.10953381770176505,1.0295612527495097,7.937673565751669,0.05921069431371541,-0.05921069431371541,0.05921069431371541,0.282470703125,0.0054768564016163795,-0.005177340736012517,0.8216017339206292
resolution_64,21,0.010942817191931107,0.06516909541570814,0.9394187822319555,5.955422106819239,0.07760218423824225,0.07760218423824225,0.07760218423824225,0.212646484375,0.003930804547552766,-0.0021789870332246664,0.6895898258044666
resolution_64,22,0.024014925468933884,0.1939394234194584,0.9634263262702145,8.07578702129814,0.1431713807391904,-0.1431713807391906,0.1431713807391906,0.121826171875,0.002487092284550991,-0.009300175349042636,0.8945482529157777
resolution_64,23,0.021421121772164178,0.09705382316827156,0.13791057587976105,4.530753533850352,0.06456914157994392,-0.06456914157994392,0.06456914157994392,0.15380859375,0.0026823126171363035,-0.007436621084662878,0.8403800513010887
resolution_64,24,0.01691795571239553,0.09501875032647797,0.865086210713108,5.616443968869074,0.0701272227275678,-0.0701272227275678,0.0701272227275678,0.1796875,0.0017341345355828216,-0.0015351389533034276,0.6100483213135169
resolution_64,25,0.029523736346496247,0.24480500289077423,0.8447943512409213,8.2918029079279,0.16776867802918324,-0.16776867802918308,0.16776867802918308,0.08154296875,0.0011627827735039298,-0.008824526297631627,1.201586882416037
resolution_64,26,0.02656266149622337,0.13536711741851154,0.9350410817307282,5.096142848402363,0.18874633930169968,-0.18874633930169954,0.18874633930169954,0.566650390625,0.018685350314019675,-0.003464240439460517,0.49143648907675275
resolution_64,27,0.034897921350266516,0.20905912401054164,0.8632917884249977,5.990589580171228,0.20005422096389666,-0.20005422096389677,0.20005422096389677,0.091064453125,0.0006744866904597887,-0.004594491302187351,0.8834752227393923
resolution_64,28,0.014739163069105407,0.08513310490465391,0.9247424027314525,5.775979579403694,0.019770275783859148,0.019770275783859148,0.050758347683941996,0.043701171875,0.0003319922623569293,-0.0016087023377783227,0.7360508870916558
resolution_64,29,0.016659986340915454,0.11940123827597568,0.5949983749062435,7.166946948974189,0.007414824031507811,0.007414824031507926,0.013716950893094408,0.00048828125,3.04190789894536e-07,-0.0001675338651344338,1.3908151555611492
resolution_64,30,0.021741050270210522,0.1420162510453525,0.7097197886022965,6.532170676222687,0.07578022354144254,-0.07578022354144254,0.07578022354144254,0.1123046875,0.0020869060839658017,-0.008806865469832129,0.9393301597582584
resolution_64,31,0.018965435297345484,0.16637838712716257,0.7117563747557571,8.772716498125929,0.06496396077397394,0.06496396077397394,0.07765545249050344,0.151123046875,0.0025177462104243255,-0.006331654125645833,0.8670066271656781
resolution_128,0,0.011987262499532919,0.06480965560726763,0.2093476776831383,5.406543454753988,0.04108613418155135,-0.04108613418155135,0.04108613418155135,0.14971923828125,0.0030690739599050078,-0.005364576396077694,0.9100490688192321
resolution_128,1,0.005414276774639471,0.03251876526954522,0.7143768431171484,6.006114320173556,0.003780256009590496,-0.003780256009590496,0.02810156655688175,0.37835693359375,0.006826560093195088,-0.004504404233833276,1.1745499239455373
resolution_128,2,0.025493856810317104,0.20977891107522187,0.7340659922758682,8.228606312338213,0.010627716515429077,0.010627716515429219,0.12905048801800553,0.0419921875,0.0006533732390056646,-0.001344604171987951,0.5489273129161
resolution_128,3,0.011200435227880114,0.09150480931391831,0.46856248193271466,8.169754786505495,0.005568963939534359,0.005568963939534548,0.01663902603910259,0.25030517578125,0.0040610361052932625,-0.007031166102407324,1.2117426726519547
resolution_128,4,0.025680139396483295,0.24553258756035634,1.1012618898746587,9.561185933203316,0.02671814360357184,0.02671814360357184,0.047996661346258206,0.15863037109375,0.0018744169697847935,-0.0040335985731940055,1.1775470422327081
resolution_128,5,0.025111367481079363,0.196662112319921,0.5954017631899542,7.831597083197472,0.08547515269314317,-0.08547515269314329,0.08547515269314329,0.076171875,0.000600486035385859,-0.004159540772072673,0.9314484888972105
resolution_128,6,0.02580086228699852,0.23704242284245122,1.0647457183363678,9.187383747321531,0.07965658818023749,-0.07965658818023749,0.07965658818023749,0.3916015625,0.01334992032729244,-0.011527040076557013,1.0985464813162977
resolution_128,7,0.020028357772768346,0.1451963661323536,0.45418777534000204,7.249539267256876,0.07817292142527964,-0.0781729214252798,0.0781729214252798,0.06884765625,0.0005266200187986482,-0.0027802975072376973,0.7905591087773336
resolution_128,8,0.006716210009065635,0.05731802702476757,0.9263931926356993,8.534281528927607,0.01350179915761812,0.01350179915761812,0.016094281876378715,0.10479736328125,0.0005944567739115384,-0.0007408790219959605,0.7894188201627176
resolution_128,9,0.02085249045162119,0.18595685347675434,0.5921245791769227,8.91772874363297,0.03180177814001249,0.03180177814001249,0.039418090987383234,0.02978515625,0.0002459392588440823,-0.004971868656780745,1.054890992740368
resolution_128,10,0.03610251316137346,0.27018427461792655,0.7813713181838909,7.4838079390827605,0.2725456098280176,-0.2725456098280176,0.2725456098280176,0.2847900390625,0.005577843211579875,-0.0046169253266894195,0.513179523162061
resolution_128,11,0.020697531507493875,0.17445689138497159,0.5514711419808347,8.428874299421004,0.03385981954279006,-0.03385981954279006,0.03385981954279006,0.0496826171875,0.0002748248280587713,-0.0020888016931737696,0.957458536213594
resolution_128,12,0.025653136923048787,0.1729865985933384,0.3543902418063642,6.74329221850111,0.13208268273288812,-0.13208268273288812,0.13208268273288812,0.14703369140625,0.002308813985215664,-0.007897374954599093,0.971625945579372
resolution_128,13,0.015078963530854602,0.15114513770956445,1.0813475357977984,10.02357605019012,0.08483583694971951,0.08483583694971984,0.08483583694971984,0.2952880859375,0.007336401840904317,-0.00492218529463255,0.9428802388446079
resolution_128,14,0.011543318399699295,0.09885349185555732,0.5637336599527056,8.563697927463602,0.01688795880380389,-0.016887958803803633,0.039142070558114785,0.0079345703125,8.52276672547495e-06,-0.00018473141207751842,0.8208961992927342
resolution_128,15,0.040738280447093496,0.18210331418260153,0.7317696003730156,4.470078564535824,0.15395378684220146,-0.15395378684220146,0.15395378684220146,0.145263671875,0.0030467992278565706,-0.008143250740036731,0.7629605977535905
resolution_128,16,0.02520701333303495,0.2044033842942847,1.0387168052199722,8.108988621289958,0.04025651719470394,-0.04025651719470394,0.04025651719470394,0.02630615234375,0.00014944199632496399,-0.0021206417229426705,1.4196970387900747
resolution_128,17,0.025223692819570532,0.1921444265139517,0.7921542172180077,7.617616813223751,0.13993275967946572,-0.13993275967946572,0.13993275967946572,0.455810546875,0.019422616158453653,-0.007549296604471165,0.6816433517787746
resolution_128,18,0.015423841760536166,0.12308906434993189,0.5717056796439072,7.980441336273995,0.010454111573306758,0.010454111573306758,0.010454111573306758,0.07073974609375,0.0006738778377339271,-0.00414182378901784,1.198029783922772
resolution_128,19,0.010944182338086845,0.06792230792688952,0.306437464790617,6.206247833656163,0.019295169126491797,0.019295169126491797,0.019857272972749383,0.239990234375,0.003244273072046879,-0.004262276811688545,1.0685695706085476
resolution_128,20,0.013711145785855682,0.10997322665370635,1.0311416130665485,8.020717478414818,0.05921067791258075,-0.05921067791258064,0.05921067791258064,0.2828369140625,0.005476428671165307,-0.005182633368826836,0.8219290067486594
resolution_128,21,0.011282679647013653,0.06839189493057021,0.9427305949247053,6.061671258092706,0.07760216643217496,0.07760216643217514,0.07760216643217514,0.2125244140625,0.003932605795823883,-0.0021789870332246664,0.6916635270730839
resolution_128,22,0.02414678228684792,0.1971291384168161,0.9658615068565091,8.16378497453828,0.143171442369506,-0.143171442369506,0.143171442369506,0.1217041015625,0.0024885456361523404,-0.009340228084902716,0.8945481967605223
resolution_128,23,0.021419276639787065,0.09724002960234115,0.13842281539266635,4.539837233425257,0.06456915019702983,-0.06456915019702983,0.06456915019702983,0.15350341796875,0.0026805438102078774,-0.0074462938273924945,0.841481592789531
resolution_128,24,0.016765889148274385,0.09233519102151508,0.8667785472577922,5.507324437428873,0.0701272878539201,-0.07012728785392028,0.07012728785392028,0.17950439453125,0.0017331101045618639,-0.0015356583894151898,0.6103191581099462
resolution_128,25,0.02978231493817579,0.24750147006057543,0.8475442592284717,8.310350306024104,0.1677686704257396,-0.16776867042573976,0.16776867042573976,0.0804443359375,0.0011626867744922785,-0.008837905287212663,1.2019103366867052
resolution_128,26,0.02663348205768693,0.13588596559208949,0.937519138451943,5.102072845667215,0.18874641730455655,-0.1887464173045564,0.1887464173045564,0.566650390625,0.01868510986793435,-0.003472186408088912,0.49210131114453765
resolution_128,27,0.034986501376335286,0.20975431373119868,0.8654404875385185,5.99529262657499,0.20005427028655998,-0.20005427028655998,0.20005427028655998,0.0911865234375,0.0006739036757379058,-0.004658606564953913,0.8834750542736263
resolution_128,28,0.014953817528704717,0.08809006520941479,0.9285378895311768,5.890807818158863,0.01977026388671526,0.01977026388671526,0.05075833021684582,0.04327392578125,0.0003310385802759439,-0.0016148934546778293,0.7376018952437141
resolution_128,29,0.016594417259939532,0.12020630775138542,0.5961823194703436,7.243779993502673,0.007414820334386015,0.0074148203343859,0.013716973023208776,0.0006103515625,3.2852606522711236e-07,-0.00017668717175230164,1.3908150432506385
resolution_128,30,0.02193683580693416,0.14311571605617068,0.712944838491182,6.523990848804743,0.07578023625139749,-0.07578023625139749,0.07578023625139749,0.1121826171875,0.002087224492553303,-0.008814095458955132,0.9418800014367708
resolution_128,31,0.018464219497710425,0.16968066242685215,0.7136585723101986,9.18970132736413,0.06496394541658272,0.06496394541658272,0.07765550137593556,0.15179443359375,0.00251943098476549,-0.006369839699266369,0.8670065710104228
